{
  "FPS": 30,
  "MAX_FRAME": 1800,
  "PREFETCH_SEC": 1,
  "SLICE_NUM": 5,
  "TOTAL_CAP": 100000,
  "STREAM_ROW_LENGTH": 36,
  "SH_DEGREE": 0,
  "VERTEX_ROW_LENGTH": 32,
  "MODEL_URL": "data/a08_full.dat",
  "INIT_VIEW": [
    0.9999727319388764,
    -0.0007335337134094191,
    0.007348285990037004,
    0,
    -0.0008200432778977561,
    -0.9999303163911514,
    0.011776667224411872,
    0,
    0.007339135352509657,
    -0.011782372010060363,
    -0.9999036517595554,
    0,
    0.007232260564530732,
    0.89987791156739,
    3.33903731414556,
    1
  ],
  "fx": 1834.8835144895522,
  "fy": 1834.5526065144063,
  "W": 700,
  "H": 1200
}